{
  "start_year": 2017,
  "end_year": 2026,
  "trade_plan": {
    "collateral_usd": 1000.0,
    "leverage": 15.0,
    "notional_usd": 15000.0,
    "sl_pct": 0.01333,
    "tp_activation_pct": 0.0071,
    "trail_dist_pct": 0.01333,
    "taker_fee_pct": 0.0004,
    "slippage_pct": 0.0005
  },
  "yearly": {
    "2017": {
      "LONG": {
        "n_trades": 785,
        "win_rate": 0.4356687898089172,
        "pnl_usd": 5796.998980364185,
        "profit_factor": 1.0967175990659406,
        "avg_win_usd": 192.20577114832378,
        "avg_loss_usd": -135.2988143394188,
        "max_drawdown_usd": -9090.246648575785,
        "expectancy_usd": 7.384712076897056,
        "sl_pct": 0.289171974522293,
        "trail_pct": 0.710828025477707,
        "reversal_pct": 0.0,
        "eod_pct": 0.0,
        "sharpe": 1.5799090386033612,
        "avg_fees_usd": 12.007756987625811,
        "avg_bars_held": 1.5070063694267517
      },
      "SHORT": {
        "n_trades": 287,
        "win_rate": 0.5017421602787456,
        "pnl_usd": 28381.723704578882,
        "profit_factor": 2.3499564031247964,
        "avg_win_usd": 343.09653957934523,
        "avg_loss_usd": -147.02222374018763,
        "max_drawdown_usd": -1994.7132735682608,
        "expectancy_usd": 98.89102336090204,
        "sl_pct": 0.30313588850174217,
        "trail_pct": 0.6968641114982579,
        "reversal_pct": 0.0,
        "eod_pct": 0.0,
        "sharpe": 13.598663332557395,
        "avg_fees_usd": 11.955661326125188,
        "avg_bars_held": 1.0975609756097562
      },
      "TOTAL": {
        "n_trades": 1072,
        "win_rate": 0.4533582089552239,
        "pnl_usd": 34178.72268494308,
        "profit_factor": 1.4221599206682745,
        "avg_win_usd": 236.91414697973752,
        "avg_loss_usd": -138.1596463262958,
        "max_drawdown_usd": -9090.246648575785,
        "expectancy_usd": 31.883136832969285,
        "sl_pct": 0.292910447761194,
        "trail_pct": 0.707089552238806,
        "reversal_pct": 0.0,
        "eod_pct": 0.0,
        "sharpe": 5.7388599834275364,
        "avg_fees_usd": 11.993809734966597,
        "avg_bars_held": 1.3973880597014925
      }
    },
    "2018": {
      "LONG": {
        "n_trades": 305,
        "win_rate": 0.3737704918032787,
        "pnl_usd": -4560.740169109153,
        "profit_factor": 0.8183833551207697,
        "avg_win_usd": 180.27338713150516,
        "avg_loss_usd": -131.47594922565833,
        "max_drawdown_usd": -8948.203232054006,
        "expectancy_usd": -14.953246456095588,
        "sl_pct": 0.3016393442622951,
        "trail_pct": 0.6950819672131148,
        "reversal_pct": 0.003278688524590164,
        "eod_pct": 0.0,
        "sharpe": -3.266327057603214,
        "avg_fees_usd": 11.998818228709046,
        "avg_bars_held": 1.8065573770491803
      },
      "SHORT": {
        "n_trades": 654,
        "win_rate": 0.47706422018348627,
        "pnl_usd": 53061.64537898179,
        "profit_factor": 2.238372589632208,
        "avg_win_usd": 307.40233855455244,
        "avg_loss_usd": -125.2862112574234,
        "max_drawdown_usd": -3283.6589455028516,
        "expectancy_usd": 81.13401434095039,
        "sl_pct": 0.23700305810397554,
        "trail_pct": 0.7614678899082569,
        "reversal_pct": 0.0015290519877675841,
        "eod_pct": 0.0,
        "sharpe": 12.374757114014379,
        "avg_fees_usd": 11.962761289747721,
        "avg_bars_held": 1.4770642201834863
      },
      "TOTAL": {
        "n_trades": 959,
        "win_rate": 0.44421272158498437,
        "pnl_usd": 48500.90520987261,
        "profit_factor": 1.713670610456962,
        "avg_win_usd": 273.3819149343004,
        "avg_loss_usd": -127.50429747118113,
        "max_drawdown_usd": -8956.298308196823,
        "expectancy_usd": 50.57445798735392,
        "sl_pct": 0.2575599582898853,
        "trail_pct": 0.7403545359749739,
        "reversal_pct": 0.0020855057351407717,
        "eod_pct": 0.0,
        "sharpe": 8.329399387562486,
        "avg_fees_usd": 11.97422882507953,
        "avg_bars_held": 1.5818561001042752
      }
    },
    "2019": {
      "LONG": {
        "n_trades": 405,
        "win_rate": 0.37777777777777777,
        "pnl_usd": 2976.5707358038144,
        "profit_factor": 1.0917539684807696,
        "avg_win_usd": 231.48598316565412,
        "avg_loss_usd": -128.73327257357644,
        "max_drawdown_usd": -2834.3603965110788,
        "expectancy_usd": 7.34955737235509,
        "sl_pct": 0.28888888888888886,
        "trail_pct": 0.7111111111111111,
        "reversal_pct": 0.0,
        "eod_pct": 0.0,
        "sharpe": 1.1675883507381748,
        "avg_fees_usd": 12.00774292011699,
        "avg_bars_held": 1.9308641975308642
      },
      "SHORT": {
        "n_trades": 328,
        "win_rate": 0.38109756097560976,
        "pnl_usd": 4101.257765810889,
        "profit_factor": 1.1628602263466317,
        "avg_win_usd": 234.27154147292072,
        "avg_loss_usd": -124.0526350655379,
        "max_drawdown_usd": -3645.988943636055,
        "expectancy_usd": 12.503834651862473,
        "sl_pct": 0.2804878048780488,
        "trail_pct": 0.7195121951219512,
        "reversal_pct": 0.0,
        "eod_pct": 0.0,
        "sharpe": 2.267858014288388,
        "avg_fees_usd": 11.990202385185182,
        "avg_bars_held": 2.1615853658536586
      },
      "TOTAL": {
        "n_trades": 733,
        "win_rate": 0.3792633015006821,
        "pnl_usd": 7077.828501614702,
        "profit_factor": 1.1228289193605598,
        "avg_win_usd": 232.73848240453296,
        "avg_loss_usd": -126.64498814691311,
        "max_drawdown_usd": -5787.040597879755,
        "expectancy_usd": 9.655973399201507,
        "sl_pct": 0.28512960436562074,
        "trail_pct": 0.7148703956343793,
        "reversal_pct": 0.0,
        "eod_pct": 0.0,
        "sharpe": 1.6217434052519375,
        "avg_fees_usd": 11.999893949506301,
        "avg_bars_held": 2.034106412005457
      }
    },
    "2020": {
      "LONG": {
        "n_trades": 608,
        "win_rate": 0.3503289473684211,
        "pnl_usd": -16722.88311847005,
        "profit_factor": 0.6924054427043106,
        "avg_win_usd": 176.73126145143814,
        "avg_loss_usd": -137.6370678674086,
        "max_drawdown_usd": -20334.5772384042,
        "expectancy_usd": -27.504741971167864,
        "sl_pct": 0.3355263157894737,
        "trail_pct": 0.6644736842105263,
        "reversal_pct": 0.0,
        "eod_pct": 0.0,
        "sharpe": -6.537300320023438,
        "avg_fees_usd": 11.993795621460118,
        "avg_bars_held": 1.7828947368421053
      },
      "SHORT": {
        "n_trades": 240,
        "win_rate": 0.3458333333333333,
        "pnl_usd": -580.16525890691,
        "profit_factor": 0.9729123328468331,
        "avg_win_usd": 251.05896324821597,
        "avg_loss_usd": -136.42075928986523,
        "max_drawdown_usd": -7510.410071291993,
        "expectancy_usd": -2.4173552454454694,
        "sl_pct": 0.3416666666666667,
        "trail_pct": 0.6541666666666667,
        "reversal_pct": 0.004166666666666667,
        "eod_pct": 0.0,
        "sharpe": -0.3668790142636888,
        "avg_fees_usd": 11.996168474708297,
        "avg_bars_held": 2.1625
      },
      "TOTAL": {
        "n_trades": 848,
        "win_rate": 0.3490566037735849,
        "pnl_usd": -17303.048377376974,
        "profit_factor": 0.7716815116326292,
        "avg_win_usd": 197.57315080661576,
        "avg_loss_usd": -137.29112502923053,
        "max_drawdown_usd": -20334.5772384042,
        "expectancy_usd": -20.40453818086907,
        "sl_pct": 0.33726415094339623,
        "trail_pct": 0.6615566037735849,
        "reversal_pct": 0.0011792452830188679,
        "eod_pct": 0.0,
        "sharpe": -4.081337373360965,
        "avg_fees_usd": 11.994467183700168,
        "avg_bars_held": 1.8903301886792452
      }
    },
    "2021": {
      "LONG": {
        "n_trades": 653,
        "win_rate": 0.37059724349157736,
        "pnl_usd": -15982.649266693605,
        "profit_factor": 0.728285473851127,